{
    "experiment_info": {
        "timestamp": "2026-03-07T11:38:14.360556",
        "seed": 42,
        "dataset": "CIFAR10",
        "model": "SimpleCNN",
        "deletion_ratio": 0.1,
        "batch_size": 64,
        "learning_rate": 0.001,
        "epochs": 15,
        "loss": "CrossEntropyLoss",
        "device": "cpu",
        "important_note": "Baseline trained on ALL data, then split for evaluation"
    },
    "baseline_model": {
        "train_time_seconds": 351.54545998573303,
        "trained_on": "All 60000 training samples",
        "delete_set_accuracy": 0.8146,
        "delete_set_loss": 0.5525871228568161,
        "retain_set_accuracy": 0.8092222222222222,
        "test_accuracy": 0.6335,
        "per_class_accuracy": {
            "retain_set": {
                "0": 0.7661361626878869,
                "1": 0.9259915798803456,
                "2": 0.7142857142857143,
                "3": 0.770828679919589,
                "4": 0.7518830305715551,
                "5": 0.8096085409252669,
                "6": 0.7419712070874862,
                "7": 0.8096192384769539,
                "8": 0.9375138981543251,
                "9": 0.864
            },
            "delete_set": {
                "0": 0.7752100840336135,
                "1": 0.9137577002053389,
                "2": 0.7324478178368121,
                "3": 0.8145315487571702,
                "4": 0.7592592592592593,
                "5": 0.8075396825396826,
                "6": 0.7216494845360825,
                "7": 0.8192534381139489,
                "8": 0.9502982107355865,
                "9": 0.852
            }
        }
    },
    "exact_unlearning": {
        "method": "Retrain from scratch on retain set only",
        "train_time_seconds": 285.18115496635437,
        "delete_set_accuracy": 0.6408,
        "delete_set_loss": 1.1720682631565045,
        "forgetting_score": 0.17379999999999995,
        "retain_set_accuracy": 0.8239333333333333,
        "test_accuracy": 0.6366,
        "per_class_accuracy": {
            "retain_set": {
                "0": 0.8163129973474801,
                "1": 0.9417239087081763,
                "2": 0.7078023697742007,
                "3": 0.7221353584989949,
                "4": 0.8340717766947275,
                "5": 0.7004003558718861,
                "6": 0.8604651162790697,
                "7": 0.8496993987975952,
                "8": 0.9226150767178118,
                "9": 0.8824444444444445
            },
            "delete_set": {
                "0": 0.5966386554621849,
                "1": 0.7926078028747433,
                "2": 0.5256166982922201,
                "3": 0.4780114722753346,
                "4": 0.6646090534979424,
                "5": 0.49206349206349204,
                "6": 0.7030927835051546,
                "7": 0.7151277013752456,
                "8": 0.7992047713717694,
                "9": 0.658
            }
        },
        "per_class_forgetting_score": {
            "0": 0.1785714285714286,
            "1": 0.12114989733059556,
            "2": 0.206831119544592,
            "3": 0.3365200764818356,
            "4": 0.09465020576131689,
            "5": 0.3154761904761905,
            "6": 0.01855670103092788,
            "7": 0.10412573673870329,
            "8": 0.15109343936381714,
            "9": 0.19399999999999995
        }
    },
    "approx_unlearning": {
        "method": "Gradient ascent on delete set",
        "hyperparameters": {
            "lr": 0.0001,
            "steps": 3,
            "optimizer": "SGD"
        },
        "train_time_seconds": 4.337976932525635,
        "delete_set_accuracy": 0.1586,
        "delete_set_loss": 21.423675005948997,
        "forgetting_score": 0.656,
        "retain_set_accuracy": 0.1558,
        "utility_loss": 0.6534222222222221,
        "test_accuracy": 0.1435,
        "per_class_accuracy": {
            "retain_set": {
                "0": 0.008178603006189214,
                "1": 0.010192776423664968,
                "2": 0.05499664654594232,
                "3": 0.11592584319857047,
                "4": 0.1610544971200709,
                "5": 0.8667704626334519,
                "6": 0.027021040974529346,
                "7": 0.050545535515475394,
                "8": 0.2557260395819435,
                "9": 0.008888888888888889
            },
            "delete_set": {
                "0": 0.0063025210084033615,
                "1": 0.004106776180698152,
                "2": 0.056925996204933584,
                "3": 0.11281070745697896,
                "4": 0.17078189300411523,
                "5": 0.8630952380952381,
                "6": 0.03711340206185567,
                "7": 0.0412573673870334,
                "8": 0.27634194831013914,
                "9": 0.006
            }
        },
        "per_class_forgetting_score": {
            "0": 0.7689075630252101,
            "1": 0.9096509240246408,
            "2": 0.6755218216318786,
            "3": 0.7017208413001912,
            "4": 0.5884773662551441,
            "5": -0.05555555555555558,
            "6": 0.6845360824742268,
            "7": 0.7779960707269155,
            "8": 0.6739562624254474,
            "9": 0.846
        },
        "per_class_utility_loss": {
            "0": 0.7579575596816976,
            "1": 0.9157988034566806,
            "2": 0.659289067739772,
            "3": 0.6549028367210186,
            "4": 0.5908285334514842,
            "5": -0.057161921708185015,
            "6": 0.7149501661129568,
            "7": 0.7590737029614786,
            "8": 0.6817878585723816,
            "9": 0.8551111111111112
        },
        "distance_metrics": {
            "l2_absolute": 38.2685432434082,
            "l2_relative": 1.4166747278280702,
            "metric_definition": "Global L2 norm over all parameters"
        }
    },
    "efficiency_comparison": {
        "exact_time_seconds": 285.18115496635437,
        "approx_time_seconds": 4.337976932525635,
        "speedup_factor": 65.74058815944825
    },
    "privacy_evaluation_mia": {
        "baseline_model": {
            "mia_accuracy": 0.55382,
            "tpr": 0.5673333333333334,
            "fpr": 0.5678
        },
        "after_unlearning": {
            "mia_accuracy": 0.72948,
            "tpr": 0.7873333333333333,
            "fpr": 0.7912
        },
        "privacy_gain": -0.17566000000000004
    },
    "data_split_info": {
        "total_training_samples": 50000,
        "delete_set_size": 5000,
        "retain_set_size": 45000,
        "test_set_size": 10000,
        "split_saved_to": "../data_splits/CIFAR10_split_seed_0042.npz"
    },
    "saved_models": {
        "baseline_model_path": "../models/CIFAR10_baseline_seed_0042.pt",
        "gold_model_path": "../models/CIFAR10_gold_exact_seed_0042.pt",
        "approx_model_path": "../models/CIFAR10_approx_unlearned_seed_0042.pt"
    }
}