{
    "experiment_info": {
        "timestamp": "2026-03-07T12:21:48.446095",
        "seed": 42,
        "dataset": "CIFAR10",
        "model": "SimpleCNN",
        "deletion_ratio": 0.01,
        "batch_size": 64,
        "learning_rate": 0.001,
        "epochs": 15,
        "loss": "CrossEntropyLoss",
        "device": "cpu",
        "important_note": "Baseline trained on ALL data, then split for evaluation"
    },
    "baseline_model": {
        "train_time_seconds": 357.035343170166,
        "trained_on": "All 60000 training samples",
        "delete_set_accuracy": 0.8,
        "delete_set_loss": 0.6063051670789719,
        "retain_set_accuracy": 0.8098585858585858,
        "test_accuracy": 0.6335,
        "per_class_accuracy": {
            "retain_set": {
                "0": 0.7674934462593265,
                "1": 0.9246768982229402,
                "2": 0.7163907953169156,
                "3": 0.774878640776699,
                "4": 0.7521212121212121,
                "5": 0.8101777059773829,
                "6": 0.7406136455389584,
                "7": 0.8112596192790603,
                "8": 0.9387631366208569,
                "9": 0.8623964437260052
            },
            "delete_set": {
                "0": 0.7073170731707317,
                "1": 0.9375,
                "2": 0.6956521739130435,
                "3": 0.8214285714285714,
                "4": 0.8,
                "5": 0.7291666666666666,
                "6": 0.6739130434782609,
                "7": 0.7580645161290323,
                "8": 0.9423076923076923,
                "9": 0.9019607843137255
            }
        }
    },
    "exact_unlearning": {
        "method": "Retrain from scratch on retain set only",
        "train_time_seconds": 318.0577049255371,
        "delete_set_accuracy": 0.636,
        "delete_set_loss": 1.1554708778858185,
        "forgetting_score": 0.16400000000000003,
        "retain_set_accuracy": 0.8138181818181818,
        "test_accuracy": 0.631,
        "per_class_accuracy": {
            "retain_set": {
                "0": 0.7045775357935068,
                "1": 0.9147819063004846,
                "2": 0.7888574888978603,
                "3": 0.6870954692556634,
                "4": 0.6286868686868687,
                "5": 0.7982633279483037,
                "6": 0.8764634638675818,
                "7": 0.8732280275415147,
                "8": 0.9252223120452708,
                "9": 0.9412002424732269
            },
            "delete_set": {
                "0": 0.5121951219512195,
                "1": 0.7291666666666666,
                "2": 0.5652173913043478,
                "3": 0.4107142857142857,
                "4": 0.46,
                "5": 0.5625,
                "6": 0.7391304347826086,
                "7": 0.7419354838709677,
                "8": 0.8461538461538461,
                "9": 0.7647058823529411
            }
        },
        "per_class_forgetting_score": {
            "0": 0.19512195121951215,
            "1": 0.20833333333333337,
            "2": 0.13043478260869568,
            "3": 0.4107142857142857,
            "4": 0.34,
            "5": 0.16666666666666663,
            "6": -0.06521739130434778,
            "7": 0.016129032258064502,
            "8": 0.09615384615384615,
            "9": 0.13725490196078438
        }
    },
    "approx_unlearning": {
        "method": "Gradient ascent on delete set",
        "hyperparameters": {
            "lr": 0.0001,
            "steps": 3,
            "optimizer": "SGD"
        },
        "train_time_seconds": 0.4398961067199707,
        "delete_set_accuracy": 0.786,
        "delete_set_loss": 0.6591060049831867,
        "forgetting_score": 0.014000000000000012,
        "retain_set_accuracy": 0.795070707070707,
        "utility_loss": 0.014787878787878794,
        "test_accuracy": 0.6223,
        "per_class_accuracy": {
            "retain_set": {
                "0": 0.7521677757612422,
                "1": 0.9113489499192245,
                "2": 0.7224465078724264,
                "3": 0.7702265372168284,
                "4": 0.7375757575757576,
                "5": 0.817043618739903,
                "6": 0.6709729511505854,
                "7": 0.7893884163628999,
                "8": 0.9377526273241714,
                "9": 0.8419882804606992
            },
            "delete_set": {
                "0": 0.7073170731707317,
                "1": 0.8958333333333334,
                "2": 0.6956521739130435,
                "3": 0.8035714285714286,
                "4": 0.78,
                "5": 0.7291666666666666,
                "6": 0.6304347826086957,
                "7": 0.7419354838709677,
                "8": 0.9423076923076923,
                "9": 0.9019607843137255
            }
        },
        "per_class_forgetting_score": {
            "0": 0.0,
            "1": 0.04166666666666663,
            "2": 0.0,
            "3": 0.017857142857142794,
            "4": 0.020000000000000018,
            "5": 0.0,
            "6": 0.04347826086956519,
            "7": 0.016129032258064502,
            "8": 0.0,
            "9": 0.0
        },
        "per_class_utility_loss": {
            "0": 0.01532567049808431,
            "1": 0.013327948303715642,
            "2": -0.006055712555510739,
            "3": 0.004652103559870557,
            "4": 0.014545454545454528,
            "5": -0.006865912762520132,
            "6": 0.06964069438837295,
            "7": 0.021871202916160404,
            "8": 0.0010105092966854468,
            "9": 0.020408163265306034
        },
        "distance_metrics": {
            "l2_absolute": 39.127811431884766,
            "l2_relative": 1.3853935963208472,
            "metric_definition": "Global L2 norm over all parameters"
        }
    },
    "efficiency_comparison": {
        "exact_time_seconds": 318.0577049255371,
        "approx_time_seconds": 0.4398961067199707,
        "speedup_factor": 723.0291427152968
    },
    "privacy_evaluation_mia": {
        "baseline_model": {
            "mia_accuracy": 0.56636,
            "tpr": 0.5674343434343434,
            "fpr": 0.54
        },
        "after_unlearning": {
            "mia_accuracy": 0.56082,
            "tpr": 0.5616565656565656,
            "fpr": 0.522
        },
        "privacy_gain": 0.005539999999999989
    },
    "data_split_info": {
        "total_training_samples": 50000,
        "delete_set_size": 500,
        "retain_set_size": 49500,
        "test_set_size": 10000,
        "split_saved_to": "../data_splits/CIFAR10_split_seed_0042.npz"
    },
    "saved_models": {
        "baseline_model_path": "../models/CIFAR10_baseline_seed_0042.pt",
        "gold_model_path": "../models/CIFAR10_gold_exact_seed_0042.pt",
        "approx_model_path": "../models/CIFAR10_approx_unlearned_seed_0042.pt"
    }
}