{
    "experiment_info": {
        "timestamp": "2026-03-07T12:06:16.911512",
        "seed": 42,
        "dataset": "CIFAR10",
        "model": "SimpleCNN",
        "deletion_ratio": 0.05,
        "batch_size": 64,
        "learning_rate": 0.001,
        "epochs": 15,
        "loss": "CrossEntropyLoss",
        "device": "cpu",
        "important_note": "Baseline trained on ALL data, then split for evaluation"
    },
    "baseline_model": {
        "train_time_seconds": 347.1796278953552,
        "trained_on": "All 60000 training samples",
        "delete_set_accuracy": 0.8132,
        "delete_set_loss": 0.5474325504153967,
        "retain_set_accuracy": 0.8095789473684211,
        "test_accuracy": 0.6335,
        "per_class_accuracy": {
            "retain_set": {
                "0": 0.7689880075741636,
                "1": 0.9249369217830109,
                "2": 0.7156408094435076,
                "3": 0.7738195615514334,
                "4": 0.7518417175331509,
                "5": 0.8093532757531072,
                "6": 0.7411838790931989,
                "7": 0.8095137865712482,
                "8": 0.937618545837724,
                "9": 0.863013698630137
            },
            "delete_set": {
                "0": 0.728744939271255,
                "1": 0.9221311475409836,
                "2": 0.7265625,
                "3": 0.8046875,
                "4": 0.7670682730923695,
                "5": 0.8102766798418972,
                "6": 0.7161016949152542,
                "7": 0.8313253012048193,
                "8": 0.9607843137254902,
                "9": 0.8588235294117647
            }
        }
    },
    "exact_unlearning": {
        "method": "Retrain from scratch on retain set only",
        "train_time_seconds": 308.0585160255432,
        "delete_set_accuracy": 0.6476,
        "delete_set_loss": 1.1228059381246567,
        "forgetting_score": 0.16560000000000008,
        "retain_set_accuracy": 0.8177894736842105,
        "test_accuracy": 0.6309,
        "per_class_accuracy": {
            "retain_set": {
                "0": 0.8964864296233958,
                "1": 0.875946173254836,
                "2": 0.7997470489038786,
                "3": 0.5419477234401349,
                "4": 0.7575247316354452,
                "5": 0.8123025068464294,
                "6": 0.8864399664147775,
                "7": 0.8175121027152179,
                "8": 0.8859852476290833,
                "9": 0.903477344573235
            },
            "delete_set": {
                "0": 0.6720647773279352,
                "1": 0.7336065573770492,
                "2": 0.5859375,
                "3": 0.30859375,
                "4": 0.6144578313253012,
                "5": 0.6521739130434783,
                "6": 0.7415254237288136,
                "7": 0.7028112449799196,
                "8": 0.7764705882352941,
                "9": 0.7019607843137254
            }
        },
        "per_class_forgetting_score": {
            "0": 0.05668016194331982,
            "1": 0.1885245901639344,
            "2": 0.140625,
            "3": 0.49609375,
            "4": 0.15261044176706828,
            "5": 0.15810276679841895,
            "6": -0.025423728813559365,
            "7": 0.12851405622489964,
            "8": 0.1843137254901961,
            "9": 0.1568627450980392
        }
    },
    "approx_unlearning": {
        "method": "Gradient ascent on delete set",
        "hyperparameters": {
            "lr": 0.0001,
            "steps": 3,
            "optimizer": "SGD"
        },
        "train_time_seconds": 2.144582986831665,
        "delete_set_accuracy": 0.654,
        "delete_set_loss": 1.1744668737053872,
        "forgetting_score": 0.1592,
        "retain_set_accuracy": 0.6501052631578947,
        "utility_loss": 0.15947368421052632,
        "test_accuracy": 0.5233,
        "per_class_accuracy": {
            "retain_set": {
                "0": 0.5773195876288659,
                "1": 0.7399074852817493,
                "2": 0.6363827993254637,
                "3": 0.696247892074199,
                "4": 0.5091559671648074,
                "5": 0.840530861596798,
                "6": 0.3438287153652393,
                "7": 0.6266049252788887,
                "8": 0.8952581664910432,
                "9": 0.6370916754478398
            },
            "delete_set": {
                "0": 0.5344129554655871,
                "1": 0.7540983606557377,
                "2": 0.61328125,
                "3": 0.7265625,
                "4": 0.5381526104417671,
                "5": 0.857707509881423,
                "6": 0.3050847457627119,
                "7": 0.6265060240963856,
                "8": 0.8745098039215686,
                "9": 0.6823529411764706
            }
        },
        "per_class_forgetting_score": {
            "0": 0.19433198380566796,
            "1": 0.16803278688524592,
            "2": 0.11328125,
            "3": 0.078125,
            "4": 0.22891566265060237,
            "5": -0.04743083003952575,
            "6": 0.41101694915254233,
            "7": 0.20481927710843373,
            "8": 0.0862745098039216,
            "9": 0.17647058823529405
        },
        "per_class_utility_loss": {
            "0": 0.1916684199452977,
            "1": 0.18502943650126158,
            "2": 0.0792580101180439,
            "3": 0.07757166947723437,
            "4": 0.2426857503683435,
            "5": -0.03117758584369079,
            "6": 0.39735516372795965,
            "7": 0.1829088612923595,
            "8": 0.0423603793466808,
            "9": 0.22592202318229715
        },
        "distance_metrics": {
            "l2_absolute": 38.62599182128906,
            "l2_relative": 1.4000768374071149,
            "metric_definition": "Global L2 norm over all parameters"
        }
    },
    "efficiency_comparison": {
        "exact_time_seconds": 308.0585160255432,
        "approx_time_seconds": 2.144582986831665,
        "speedup_factor": 143.64495005187862
    },
    "privacy_evaluation_mia": {
        "baseline_model": {
            "mia_accuracy": 0.5612,
            "tpr": 0.5675157894736842,
            "fpr": 0.5588
        },
        "after_unlearning": {
            "mia_accuracy": 0.54198,
            "tpr": 0.5463789473684211,
            "fpr": 0.5416
        },
        "privacy_gain": 0.019220000000000015
    },
    "data_split_info": {
        "total_training_samples": 50000,
        "delete_set_size": 2500,
        "retain_set_size": 47500,
        "test_set_size": 10000,
        "split_saved_to": "../data_splits/CIFAR10_split_seed_0042.npz"
    },
    "saved_models": {
        "baseline_model_path": "../models/CIFAR10_baseline_seed_0042.pt",
        "gold_model_path": "../models/CIFAR10_gold_exact_seed_0042.pt",
        "approx_model_path": "../models/CIFAR10_approx_unlearned_seed_0042.pt"
    }
}