{
    "experiment_info": {
        "timestamp": "2026-03-12T15:37:48.131645",
        "seed": 123,
        "dataset": "CIFAR10",
        "model": "SimpleCNN",
        "deletion_ratio": 0.01,
        "batch_size": 64,
        "learning_rate": 0.001,
        "epochs": 15,
        "loss": "CrossEntropyLoss",
        "device": "cpu",
        "important_note": "Baseline trained on ALL data, then split for evaluation"
    },
    "baseline_model": {
        "train_time_seconds": 345.16107082366943,
        "trained_on": "All 50000 training samples",
        "delete_set_accuracy": 0.798,
        "delete_set_loss": 0.5985757149755955,
        "retain_set_accuracy": 0.8068888888888889,
        "test_accuracy": 0.6346,
        "per_class_accuracy": {
            "retain_set": {
                "0": 0.8556701030927835,
                "1": 0.9214775938635447,
                "2": 0.7105953582240161,
                "3": 0.5364425600646073,
                "4": 0.817979797979798,
                "5": 0.8159757330637007,
                "6": 0.7355438738374444,
                "7": 0.8827210335082761,
                "8": 0.8715095103197086,
                "9": 0.9210738796931772
            },
            "delete_set": {
                "0": 0.8490566037735849,
                "1": 0.8913043478260869,
                "2": 0.7111111111111111,
                "3": 0.48936170212765956,
                "4": 0.8,
                "5": 0.8181818181818182,
                "6": 0.7592592592592593,
                "7": 0.8478260869565217,
                "8": 0.8793103448275862,
                "9": 0.9130434782608695
            }
        }
    },
    "exact_unlearning": {
        "method": "Retrain from scratch on retain set only",
        "train_time_seconds": 315.5179228782654,
        "delete_set_accuracy": 0.624,
        "delete_set_loss": 1.2617655768990517,
        "forgetting_score": 0.17400000000000004,
        "retain_set_accuracy": 0.8249090909090909,
        "test_accuracy": 0.6416,
        "per_class_accuracy": {
            "retain_set": {
                "0": 0.8801293713361633,
                "1": 0.9614452967299152,
                "2": 0.6098890010090817,
                "3": 0.7795275590551181,
                "4": 0.803030303030303,
                "5": 0.7342770475227502,
                "6": 0.8538212697128993,
                "7": 0.8805006055712555,
                "8": 0.9008498583569405,
                "9": 0.8457811869196609
            },
            "delete_set": {
                "0": 0.7169811320754716,
                "1": 0.7608695652173914,
                "2": 0.3333333333333333,
                "3": 0.5957446808510638,
                "4": 0.54,
                "5": 0.509090909090909,
                "6": 0.6481481481481481,
                "7": 0.6956521739130435,
                "8": 0.7758620689655172,
                "9": 0.6304347826086957
            }
        },
        "per_class_forgetting_score": {
            "0": 0.1320754716981133,
            "1": 0.13043478260869557,
            "2": 0.3777777777777778,
            "3": -0.10638297872340424,
            "4": 0.26,
            "5": 0.3090909090909092,
            "6": 0.11111111111111116,
            "7": 0.15217391304347827,
            "8": 0.10344827586206895,
            "9": 0.28260869565217384
        }
    },
    "approx_unlearning": {
        "method": "Gradient ascent on delete set",
        "hyperparameters": {
            "lr": 0.0001,
            "steps": 3,
            "optimizer": "SGD"
        },
        "train_time_seconds": 0.44826793670654297,
        "delete_set_accuracy": 0.774,
        "delete_set_loss": 0.6325660236179829,
        "forgetting_score": 0.02400000000000002,
        "retain_set_accuracy": 0.7955757575757576,
        "utility_loss": 0.011313131313131275,
        "test_accuracy": 0.6299,
        "per_class_accuracy": {
            "retain_set": {
                "0": 0.8558722458055387,
                "1": 0.9202664513524424,
                "2": 0.6898082744702321,
                "3": 0.518271754492227,
                "4": 0.821010101010101,
                "5": 0.8016177957532862,
                "6": 0.6825717751718561,
                "7": 0.8790876059749697,
                "8": 0.8638203156616754,
                "9": 0.9234961647153815
            },
            "delete_set": {
                "0": 0.8301886792452831,
                "1": 0.8695652173913043,
                "2": 0.6444444444444445,
                "3": 0.48936170212765956,
                "4": 0.78,
                "5": 0.8181818181818182,
                "6": 0.6851851851851852,
                "7": 0.8478260869565217,
                "8": 0.8620689655172413,
                "9": 0.8913043478260869
            }
        },
        "per_class_forgetting_score": {
            "0": 0.018867924528301883,
            "1": 0.021739130434782594,
            "2": 0.06666666666666665,
            "3": 0.0,
            "4": 0.020000000000000018,
            "5": 0.0,
            "6": 0.07407407407407407,
            "7": 0.0,
            "8": 0.017241379310344862,
            "9": 0.021739130434782594
        },
        "per_class_utility_loss": {
            "0": -0.00020214271275520446,
            "1": 0.0012111425111022145,
            "2": 0.02078708375378402,
            "3": 0.018170805572380377,
            "4": -0.003030303030302939,
            "5": 0.01435793731041457,
            "6": 0.052972098665588274,
            "7": 0.0036334275333064214,
            "8": 0.007689194658033194,
            "9": -0.002422285022204318
        },
        "distance_metrics": {
            "l2_absolute": 40.275569915771484,
            "l2_relative": 1.4039488091864951,
            "metric_definition": "Global L2 norm over all parameters"
        }
    },
    "efficiency_comparison": {
        "exact_time_seconds": 315.5179228782654,
        "approx_time_seconds": 0.44826793670654297,
        "speedup_factor": 703.8601181168532
    },
    "privacy_evaluation_mia": {
        "baseline_model": {
            "mia_accuracy": 0.57902,
            "tpr": 0.5806060606060606,
            "fpr": 0.578
        },
        "after_unlearning": {
            "mia_accuracy": 0.5781,
            "tpr": 0.5796363636363636,
            "fpr": 0.574
        },
        "privacy_gain": 0.0009200000000000319
    },
    "data_split_info": {
        "total_training_samples": 50000,
        "delete_set_size": 500,
        "retain_set_size": 49500,
        "test_set_size": 10000,
        "split_saved_to": "../data_splits/CIFAR10_split_seed_0123.npz"
    },
    "saved_models": {
        "baseline_model_path": "../models/CIFAR10_baseline_seed_0123.pt",
        "gold_model_path": "../models/CIFAR10_gold_exact_seed_0123.pt",
        "approx_model_path": "../models/CIFAR10_approx_unlearned_seed_0123.pt"
    }
}