{
    "experiment_info": {
        "timestamp": "2026-03-12T15:51:27.241524",
        "seed": 123,
        "dataset": "CIFAR10",
        "model": "SimpleCNN",
        "deletion_ratio": 0.05,
        "batch_size": 64,
        "learning_rate": 0.001,
        "epochs": 15,
        "loss": "CrossEntropyLoss",
        "device": "cpu",
        "important_note": "Baseline trained on ALL data, then split for evaluation"
    },
    "baseline_model": {
        "train_time_seconds": 345.8258421421051,
        "trained_on": "All 50000 training samples",
        "delete_set_accuracy": 0.7972,
        "delete_set_loss": 0.604078122228384,
        "retain_set_accuracy": 0.8073052631578947,
        "test_accuracy": 0.6346,
        "per_class_accuracy": {
            "retain_set": {
                "0": 0.8563025210084033,
                "1": 0.9238674496644296,
                "2": 0.7119966266076323,
                "3": 0.5366624525916561,
                "4": 0.8200508690122933,
                "5": 0.8151189724152453,
                "6": 0.7332355406538139,
                "7": 0.8828223435531289,
                "8": 0.8710016835016835,
                "9": 0.9217758985200846
            },
            "delete_set": {
                "0": 0.8416666666666667,
                "1": 0.8663793103448276,
                "2": 0.6848249027237354,
                "3": 0.5236220472440944,
                "4": 0.7801418439716312,
                "5": 0.8326693227091634,
                "6": 0.7894736842105263,
                "7": 0.8739495798319328,
                "8": 0.8830645161290323,
                "9": 0.9074074074074074
            }
        }
    },
    "exact_unlearning": {
        "method": "Retrain from scratch on retain set only",
        "train_time_seconds": 303.0872118473053,
        "delete_set_accuracy": 0.6264,
        "delete_set_loss": 1.2548189654946327,
        "forgetting_score": 0.17080000000000006,
        "retain_set_accuracy": 0.8089263157894737,
        "test_accuracy": 0.635,
        "per_class_accuracy": {
            "retain_set": {
                "0": 0.7684873949579832,
                "1": 0.927013422818792,
                "2": 0.8125658865696817,
                "3": 0.7469447956173619,
                "4": 0.8232301822806274,
                "5": 0.5757001473994525,
                "6": 0.902347024308466,
                "7": 0.7337253254934901,
                "8": 0.884469696969697,
                "9": 0.9145877378435519
            },
            "delete_set": {
                "0": 0.6375,
                "1": 0.6896551724137931,
                "2": 0.556420233463035,
                "3": 0.47244094488188976,
                "4": 0.6205673758865248,
                "5": 0.41832669322709165,
                "6": 0.7675438596491229,
                "7": 0.5798319327731093,
                "8": 0.7782258064516129,
                "9": 0.7555555555555555
            }
        },
        "per_class_forgetting_score": {
            "0": 0.20416666666666672,
            "1": 0.17672413793103448,
            "2": 0.12840466926070038,
            "3": 0.05118110236220469,
            "4": 0.15957446808510645,
            "5": 0.41434262948207173,
            "6": 0.021929824561403466,
            "7": 0.2941176470588235,
            "8": 0.10483870967741937,
            "9": 0.1518518518518519
        }
    },
    "approx_unlearning": {
        "method": "Gradient ascent on delete set",
        "hyperparameters": {
            "lr": 0.0001,
            "steps": 3,
            "optimizer": "SGD"
        },
        "train_time_seconds": 2.193826913833618,
        "delete_set_accuracy": 0.6416,
        "delete_set_loss": 1.3497283428907394,
        "forgetting_score": 0.15560000000000007,
        "retain_set_accuracy": 0.6451157894736842,
        "utility_loss": 0.16218947368421055,
        "test_accuracy": 0.5442,
        "per_class_accuracy": {
            "retain_set": {
                "0": 0.7764705882352941,
                "1": 0.8223573825503355,
                "2": 0.41808981657179,
                "3": 0.3516645596291614,
                "4": 0.7723611699872828,
                "5": 0.6005474836807749,
                "6": 0.3007124895222129,
                "7": 0.7748845023099538,
                "8": 0.7102272727272727,
                "9": 0.9255813953488372
            },
            "delete_set": {
                "0": 0.7958333333333333,
                "1": 0.7370689655172413,
                "2": 0.3968871595330739,
                "3": 0.3464566929133858,
                "4": 0.7801418439716312,
                "5": 0.6215139442231076,
                "6": 0.33771929824561403,
                "7": 0.7226890756302521,
                "8": 0.7137096774193549,
                "9": 0.9259259259259259
            }
        },
        "per_class_forgetting_score": {
            "0": 0.04583333333333339,
            "1": 0.1293103448275863,
            "2": 0.2879377431906615,
            "3": 0.17716535433070862,
            "4": 0.0,
            "5": 0.2111553784860558,
            "6": 0.4517543859649123,
            "7": 0.1512605042016807,
            "8": 0.16935483870967738,
            "9": -0.01851851851851849
        },
        "per_class_utility_loss": {
            "0": 0.07983193277310918,
            "1": 0.10151006711409405,
            "2": 0.2939068100358423,
            "3": 0.18499789296249475,
            "4": 0.047689699025010523,
            "5": 0.2145714887344704,
            "6": 0.432523051131601,
            "7": 0.10793784124317518,
            "8": 0.1607744107744108,
            "9": -0.0038054968287526414
        },
        "distance_metrics": {
            "l2_absolute": 40.027069091796875,
            "l2_relative": 1.4201452390137548,
            "metric_definition": "Global L2 norm over all parameters"
        }
    },
    "efficiency_comparison": {
        "exact_time_seconds": 303.0872118473053,
        "approx_time_seconds": 2.193826913833618,
        "speedup_factor": 138.15456904832726
    },
    "privacy_evaluation_mia": {
        "baseline_model": {
            "mia_accuracy": 0.57276,
            "tpr": 0.5806315789473684,
            "fpr": 0.5768
        },
        "after_unlearning": {
            "mia_accuracy": 0.5727,
            "tpr": 0.5808842105263158,
            "fpr": 0.5828
        },
        "privacy_gain": 6.0000000000060005e-05
    },
    "data_split_info": {
        "total_training_samples": 50000,
        "delete_set_size": 2500,
        "retain_set_size": 47500,
        "test_set_size": 10000,
        "split_saved_to": "../data_splits/CIFAR10_split_seed_0123.npz"
    },
    "saved_models": {
        "baseline_model_path": "../models/CIFAR10_baseline_seed_0123.pt",
        "gold_model_path": "../models/CIFAR10_gold_exact_seed_0123.pt",
        "approx_model_path": "../models/CIFAR10_approx_unlearned_seed_0123.pt"
    }
}