{
    "experiment_info": {
        "timestamp": "2026-03-12T15:07:24.543924",
        "seed": 999,
        "dataset": "CIFAR10",
        "model": "SimpleCNN",
        "deletion_ratio": 0.05,
        "batch_size": 64,
        "learning_rate": 0.001,
        "epochs": 15,
        "loss": "CrossEntropyLoss",
        "device": "cpu",
        "important_note": "Baseline trained on ALL data, then split for evaluation"
    },
    "baseline_model": {
        "train_time_seconds": 346.0764238834381,
        "trained_on": "All 50000 training samples",
        "delete_set_accuracy": 0.8224,
        "delete_set_loss": 0.5291856557130814,
        "retain_set_accuracy": 0.818778947368421,
        "test_accuracy": 0.6424,
        "per_class_accuracy": {
            "retain_set": {
                "0": 0.8451327433628318,
                "1": 0.8862918509159823,
                "2": 0.7184486373165618,
                "3": 0.7501055297593922,
                "4": 0.7603271126022227,
                "5": 0.7215216477511559,
                "6": 0.7860759493670886,
                "7": 0.9185310257492613,
                "8": 0.8604060913705583,
                "9": 0.9416456759026028
            },
            "delete_set": {
                "0": 0.8464566929133859,
                "1": 0.900398406374502,
                "2": 0.7130434782608696,
                "3": 0.7900763358778626,
                "4": 0.7922077922077922,
                "5": 0.71900826446281,
                "6": 0.7653846153846153,
                "7": 0.916030534351145,
                "8": 0.8235294117647058,
                "9": 0.9491525423728814
            }
        }
    },
    "exact_unlearning": {
        "method": "Retrain from scratch on retain set only",
        "train_time_seconds": 297.3224070072174,
        "delete_set_accuracy": 0.6472,
        "delete_set_loss": 1.154518334567547,
        "forgetting_score": 0.17520000000000002,
        "retain_set_accuracy": 0.8225052631578947,
        "test_accuracy": 0.6453,
        "per_class_accuracy": {
            "retain_set": {
                "0": 0.8173198482932996,
                "1": 0.8846072857443672,
                "2": 0.729979035639413,
                "3": 0.7893626002532714,
                "4": 0.7766827427133571,
                "5": 0.6792770071458596,
                "6": 0.9025316455696203,
                "7": 0.8364288729421697,
                "8": 0.8642131979695431,
                "9": 0.945424013434089
            },
            "delete_set": {
                "0": 0.6456692913385826,
                "1": 0.7370517928286853,
                "2": 0.5043478260869565,
                "3": 0.6106870229007634,
                "4": 0.5714285714285714,
                "5": 0.43388429752066116,
                "6": 0.7538461538461538,
                "7": 0.6412213740458015,
                "8": 0.6948529411764706,
                "9": 0.8601694915254238
            }
        },
        "per_class_forgetting_score": {
            "0": 0.20078740157480324,
            "1": 0.1633466135458167,
            "2": 0.20869565217391306,
            "3": 0.17938931297709926,
            "4": 0.22077922077922085,
            "5": 0.2851239669421488,
            "6": 0.011538461538461497,
            "7": 0.2748091603053435,
            "8": 0.12867647058823528,
            "9": 0.08898305084745761
        }
    },
    "approx_unlearning": {
        "method": "Gradient ascent on delete set",
        "hyperparameters": {
            "lr": 0.0001,
            "steps": 3,
            "optimizer": "SGD"
        },
        "train_time_seconds": 2.175339937210083,
        "delete_set_accuracy": 0.5424,
        "delete_set_loss": 2.1204158812761307,
        "forgetting_score": 0.28,
        "retain_set_accuracy": 0.5543789473684211,
        "utility_loss": 0.26439999999999997,
        "test_accuracy": 0.4722,
        "per_class_accuracy": {
            "retain_set": {
                "0": 0.5981879477454699,
                "1": 0.4190355864392504,
                "2": 0.2689727463312369,
                "3": 0.3155339805825243,
                "4": 0.8249108827846509,
                "5": 0.4098360655737705,
                "6": 0.3590717299578059,
                "7": 0.8341072182355425,
                "8": 0.5681049069373942,
                "9": 0.9450041981528128
            },
            "delete_set": {
                "0": 0.6023622047244095,
                "1": 0.4302788844621514,
                "2": 0.26956521739130435,
                "3": 0.29389312977099236,
                "4": 0.8138528138528138,
                "5": 0.4132231404958678,
                "6": 0.33076923076923076,
                "7": 0.8282442748091603,
                "8": 0.5073529411764706,
                "9": 0.961864406779661
            }
        },
        "per_class_forgetting_score": {
            "0": 0.2440944881889764,
            "1": 0.47011952191235057,
            "2": 0.4434782608695652,
            "3": 0.4961832061068703,
            "4": -0.021645021645021578,
            "5": 0.3057851239669422,
            "6": 0.43461538461538457,
            "7": 0.08778625954198471,
            "8": 0.3161764705882353,
            "9": -0.012711864406779627
        },
        "per_class_utility_loss": {
            "0": 0.24694479561736193,
            "1": 0.4672562644767319,
            "2": 0.4494758909853249,
            "3": 0.43457154917686786,
            "4": -0.06458377018242811,
            "5": 0.3116855821773854,
            "6": 0.4270042194092827,
            "7": 0.08442380751371881,
            "8": 0.2923011844331641,
            "9": -0.0033585222502099388
        },
        "distance_metrics": {
            "l2_absolute": 39.25926971435547,
            "l2_relative": 1.4105320808344504,
            "metric_definition": "Global L2 norm over all parameters"
        }
    },
    "efficiency_comparison": {
        "exact_time_seconds": 297.3224070072174,
        "approx_time_seconds": 2.175339937210083,
        "speedup_factor": 136.67859534107544
    },
    "privacy_evaluation_mia": {
        "baseline_model": {
            "mia_accuracy": 0.56966,
            "tpr": 0.5766947368421053,
            "fpr": 0.564
        },
        "after_unlearning": {
            "mia_accuracy": 0.58186,
            "tpr": 0.5907157894736842,
            "fpr": 0.5864
        },
        "privacy_gain": -0.012199999999999989
    },
    "data_split_info": {
        "total_training_samples": 50000,
        "delete_set_size": 2500,
        "retain_set_size": 47500,
        "test_set_size": 10000,
        "split_saved_to": "../data_splits/CIFAR10_split_seed_0999.npz"
    },
    "saved_models": {
        "baseline_model_path": "../models/CIFAR10_baseline_seed_0999.pt",
        "gold_model_path": "../models/CIFAR10_gold_exact_seed_0999.pt",
        "approx_model_path": "../models/CIFAR10_approx_unlearned_seed_0999.pt"
    }
}