{
    "experiment_info": {
        "timestamp": "2026-03-12T15:23:26.791074",
        "seed": 999,
        "dataset": "CIFAR10",
        "model": "SimpleCNN",
        "deletion_ratio": 0.01,
        "batch_size": 64,
        "learning_rate": 0.001,
        "epochs": 15,
        "loss": "CrossEntropyLoss",
        "device": "cpu",
        "important_note": "Baseline trained on ALL data, then split for evaluation"
    },
    "baseline_model": {
        "train_time_seconds": 353.09154987335205,
        "trained_on": "All 50000 training samples",
        "delete_set_accuracy": 0.796,
        "delete_set_loss": 0.6206763759255409,
        "retain_set_accuracy": 0.8191919191919191,
        "test_accuracy": 0.6424,
        "per_class_accuracy": {
            "retain_set": {
                "0": 0.8459825946164744,
                "1": 0.887363746467501,
                "2": 0.7182075090835688,
                "3": 0.7524732485362406,
                "4": 0.7622504537205081,
                "5": 0.7211090872293058,
                "6": 0.7852958998182186,
                "7": 0.9187008271131732,
                "8": 0.8589665653495441,
                "9": 0.941473259334006
            },
            "delete_set": {
                "0": 0.7796610169491526,
                "1": 0.8478260869565217,
                "2": 0.717391304347826,
                "3": 0.723404255319149,
                "4": 0.7073170731707317,
                "5": 0.7457627118644068,
                "6": 0.7551020408163265,
                "7": 0.8837209302325582,
                "8": 0.8153846153846154,
                "9": 1.0
            }
        }
    },
    "exact_unlearning": {
        "method": "Retrain from scratch on retain set only",
        "train_time_seconds": 315.86052417755127,
        "delete_set_accuracy": 0.652,
        "delete_set_loss": 1.1905122995376587,
        "forgetting_score": 0.14400000000000002,
        "retain_set_accuracy": 0.8306262626262626,
        "test_accuracy": 0.6468,
        "per_class_accuracy": {
            "retain_set": {
                "0": 0.7986237603723942,
                "1": 0.9142107387969318,
                "2": 0.7674606378683891,
                "3": 0.7375328083989501,
                "4": 0.8140754184311353,
                "5": 0.7150374418133981,
                "6": 0.8749747525752374,
                "7": 0.8374016542263466,
                "8": 0.9161094224924012,
                "9": 0.9307769929364279
            },
            "delete_set": {
                "0": 0.4915254237288136,
                "1": 0.8043478260869565,
                "2": 0.6739130434782609,
                "3": 0.5106382978723404,
                "4": 0.5853658536585366,
                "5": 0.3898305084745763,
                "6": 0.7755102040816326,
                "7": 0.7209302325581395,
                "8": 0.7538461538461538,
                "9": 0.8888888888888888
            }
        },
        "per_class_forgetting_score": {
            "0": 0.288135593220339,
            "1": 0.04347826086956519,
            "2": 0.04347826086956519,
            "3": 0.2127659574468086,
            "4": 0.12195121951219512,
            "5": 0.3559322033898305,
            "6": -0.020408163265306145,
            "7": 0.16279069767441867,
            "8": 0.06153846153846154,
            "9": 0.11111111111111116
        }
    },
    "approx_unlearning": {
        "method": "Gradient ascent on delete set",
        "hyperparameters": {
            "lr": 0.0001,
            "steps": 3,
            "optimizer": "SGD"
        },
        "train_time_seconds": 0.5148439407348633,
        "delete_set_accuracy": 0.786,
        "delete_set_loss": 0.6451287344098091,
        "forgetting_score": 0.010000000000000009,
        "retain_set_accuracy": 0.8106464646464646,
        "utility_loss": 0.008545454545454523,
        "test_accuracy": 0.6402,
        "per_class_accuracy": {
            "retain_set": {
                "0": 0.8366727383120826,
                "1": 0.8657650383528462,
                "2": 0.6842955187727089,
                "3": 0.7353119321623258,
                "4": 0.7757612421859246,
                "5": 0.7132159481886258,
                "6": 0.7743890123207433,
                "7": 0.922332055678838,
                "8": 0.8494427558257346,
                "9": 0.9491422805247225
            },
            "delete_set": {
                "0": 0.7966101694915254,
                "1": 0.8478260869565217,
                "2": 0.6956521739130435,
                "3": 0.6808510638297872,
                "4": 0.7073170731707317,
                "5": 0.7457627118644068,
                "6": 0.7142857142857143,
                "7": 0.8837209302325582,
                "8": 0.8,
                "9": 1.0
            }
        },
        "per_class_forgetting_score": {
            "0": -0.016949152542372836,
            "1": 0.0,
            "2": 0.021739130434782594,
            "3": 0.042553191489361764,
            "4": 0.0,
            "5": 0.0,
            "6": 0.04081632653061218,
            "7": 0.0,
            "8": 0.01538461538461533,
            "9": 0.0
        },
        "per_class_utility_loss": {
            "0": 0.00930985630439185,
            "1": 0.021598708114654808,
            "2": 0.033911990310859896,
            "3": 0.017161316373914826,
            "4": -0.013510788465416423,
            "5": 0.007893139040680008,
            "6": 0.01090688749747526,
            "7": -0.003631228565664779,
            "8": 0.00952380952380949,
            "9": -0.007669021190716441
        },
        "distance_metrics": {
            "l2_absolute": 39.759437561035156,
            "l2_relative": 1.393016246223609,
            "metric_definition": "Global L2 norm over all parameters"
        }
    },
    "efficiency_comparison": {
        "exact_time_seconds": 315.86052417755127,
        "approx_time_seconds": 0.5148439407348633,
        "speedup_factor": 613.5073158804341
    },
    "privacy_evaluation_mia": {
        "baseline_model": {
            "mia_accuracy": 0.5751,
            "tpr": 0.5763030303030303,
            "fpr": 0.544
        },
        "after_unlearning": {
            "mia_accuracy": 0.57366,
            "tpr": 0.5747676767676768,
            "fpr": 0.536
        },
        "privacy_gain": 0.0014399999999999968
    },
    "data_split_info": {
        "total_training_samples": 50000,
        "delete_set_size": 500,
        "retain_set_size": 49500,
        "test_set_size": 10000,
        "split_saved_to": "../data_splits/CIFAR10_split_seed_0999.npz"
    },
    "saved_models": {
        "baseline_model_path": "../models/CIFAR10_baseline_seed_0999.pt",
        "gold_model_path": "../models/CIFAR10_gold_exact_seed_0999.pt",
        "approx_model_path": "../models/CIFAR10_approx_unlearned_seed_0999.pt"
    }
}