{
    "experiment_info": {
        "timestamp": "2026-03-12T16:09:57.464437",
        "seed": 123,
        "dataset": "CIFAR10",
        "model": "SimpleCNN",
        "deletion_ratio": 0.1,
        "batch_size": 64,
        "learning_rate": 0.001,
        "epochs": 15,
        "loss": "CrossEntropyLoss",
        "device": "cpu",
        "important_note": "Baseline trained on ALL data, then split for evaluation"
    },
    "baseline_model": {
        "train_time_seconds": 356.558207988739,
        "trained_on": "All 50000 training samples",
        "delete_set_accuracy": 0.8014,
        "delete_set_loss": 0.5833948820452147,
        "retain_set_accuracy": 0.8074,
        "test_accuracy": 0.6346,
        "per_class_accuracy": {
            "retain_set": {
                "0": 0.854143399597945,
                "1": 0.9239082487869431,
                "2": 0.7120302423838114,
                "3": 0.5375027821054974,
                "4": 0.822028206850235,
                "5": 0.8145196989818504,
                "6": 0.7352941176470589,
                "7": 0.8812886142983231,
                "8": 0.8709030100334448,
                "9": 0.9220111731843575
            },
            "delete_set": {
                "0": 0.8680688336520076,
                "1": 0.8948497854077253,
                "2": 0.6978131212723658,
                "3": 0.5226824457593688,
                "4": 0.7823639774859287,
                "5": 0.8298755186721992,
                "6": 0.7405857740585774,
                "7": 0.8931623931623932,
                "8": 0.8776699029126214,
                "9": 0.9123809523809524
            }
        }
    },
    "exact_unlearning": {
        "method": "Retrain from scratch on retain set only",
        "train_time_seconds": 281.105003118515,
        "delete_set_accuracy": 0.6274,
        "delete_set_loss": 1.2535037503966802,
        "forgetting_score": 0.17400000000000004,
        "retain_set_accuracy": 0.8192666666666667,
        "test_accuracy": 0.6419,
        "per_class_accuracy": {
            "retain_set": {
                "0": 0.7623408532499442,
                "1": 0.9486104984561093,
                "2": 0.7004669779853235,
                "3": 0.618740262630759,
                "4": 0.8681441683456459,
                "5": 0.7463479415670651,
                "6": 0.8796992481203008,
                "7": 0.838702559576346,
                "8": 0.8911928651059086,
                "9": 0.9378770949720671
            },
            "delete_set": {
                "0": 0.6367112810707457,
                "1": 0.8047210300429185,
                "2": 0.44532803180914515,
                "3": 0.33530571992110453,
                "4": 0.6210131332082551,
                "5": 0.5663900414937759,
                "6": 0.698744769874477,
                "7": 0.6645299145299145,
                "8": 0.7572815533980582,
                "9": 0.7542857142857143
            }
        },
        "per_class_forgetting_score": {
            "0": 0.2313575525812619,
            "1": 0.0901287553648068,
            "2": 0.2524850894632207,
            "3": 0.1873767258382643,
            "4": 0.16135084427767354,
            "5": 0.2634854771784233,
            "6": 0.04184100418410042,
            "7": 0.2286324786324787,
            "8": 0.12038834951456312,
            "9": 0.15809523809523807
        }
    },
    "approx_unlearning": {
        "method": "Gradient ascent on delete set",
        "hyperparameters": {
            "lr": 0.0001,
            "steps": 3,
            "optimizer": "SGD"
        },
        "train_time_seconds": 4.562044858932495,
        "delete_set_accuracy": 0.1614,
        "delete_set_loss": 25.19366097752052,
        "forgetting_score": 0.64,
        "retain_set_accuracy": 0.15984444444444446,
        "utility_loss": 0.6475555555555556,
        "test_accuracy": 0.1551,
        "per_class_accuracy": {
            "retain_set": {
                "0": 0.03283448737994193,
                "1": 0.02404058226731363,
                "2": 0.04825439181676673,
                "3": 0.05764522590696639,
                "4": 0.2939332885605552,
                "5": 0.13457281983178399,
                "6": 0.02321981424148607,
                "7": 0.14805825242718446,
                "8": 0.028093645484949834,
                "9": 0.8129608938547486
            },
            "delete_set": {
                "0": 0.030592734225621414,
                "1": 0.032188841201716736,
                "2": 0.03180914512922465,
                "3": 0.07692307692307693,
                "4": 0.24953095684803,
                "5": 0.14522821576763487,
                "6": 0.043933054393305436,
                "7": 0.15384615384615385,
                "8": 0.036893203883495145,
                "9": 0.7733333333333333
            }
        },
        "per_class_forgetting_score": {
            "0": 0.8374760994263862,
            "1": 0.8626609442060086,
            "2": 0.6660039761431412,
            "3": 0.4457593688362919,
            "4": 0.5328330206378986,
            "5": 0.6846473029045643,
            "6": 0.696652719665272,
            "7": 0.7393162393162394,
            "8": 0.8407766990291262,
            "9": 0.1390476190476191
        },
        "per_class_utility_loss": {
            "0": 0.8213089122180032,
            "1": 0.8998676665196295,
            "2": 0.6637758505670447,
            "3": 0.479857556198531,
            "4": 0.5280949182896799,
            "5": 0.6799468791500665,
            "6": 0.7120743034055728,
            "7": 0.7332303618711387,
            "8": 0.842809364548495,
            "9": 0.10905027932960898
        },
        "distance_metrics": {
            "l2_absolute": 39.54508590698242,
            "l2_relative": 1.4364826437082199,
            "metric_definition": "Global L2 norm over all parameters"
        }
    },
    "efficiency_comparison": {
        "exact_time_seconds": 281.105003118515,
        "approx_time_seconds": 4.562044858932495,
        "speedup_factor": 61.61820232173095
    },
    "privacy_evaluation_mia": {
        "baseline_model": {
            "mia_accuracy": 0.56358,
            "tpr": 0.5801111111111111,
            "fpr": 0.5852
        },
        "after_unlearning": {
            "mia_accuracy": 0.71338,
            "tpr": 0.7654666666666666,
            "fpr": 0.7554
        },
        "privacy_gain": -0.14980000000000004
    },
    "data_split_info": {
        "total_training_samples": 50000,
        "delete_set_size": 5000,
        "retain_set_size": 45000,
        "test_set_size": 10000,
        "split_saved_to": "../data_splits/CIFAR10_split_seed_0123.npz"
    },
    "saved_models": {
        "baseline_model_path": "../models/CIFAR10_baseline_seed_0123.pt",
        "gold_model_path": "../models/CIFAR10_gold_exact_seed_0123.pt",
        "approx_model_path": "../models/CIFAR10_approx_unlearned_seed_0123.pt"
    }
}