{
    "experiment_info": {
        "timestamp": "2026-03-12T14:42:32.129733",
        "seed": 999,
        "dataset": "CIFAR10",
        "model": "SimpleCNN",
        "deletion_ratio": 0.1,
        "batch_size": 64,
        "learning_rate": 0.001,
        "epochs": 15,
        "loss": "CrossEntropyLoss",
        "device": "cpu",
        "important_note": "Baseline trained on ALL data, then split for evaluation"
    },
    "baseline_model": {
        "train_time_seconds": 266.4823977947235,
        "trained_on": "All 50000 training samples",
        "delete_set_accuracy": 0.8136,
        "delete_set_loss": 0.5545961988877647,
        "retain_set_accuracy": 0.8195555555555556,
        "test_accuracy": 0.6424,
        "per_class_accuracy": {
            "retain_set": {
                "0": 0.845349354695149,
                "1": 0.8868467670504872,
                "2": 0.7190359294800268,
                "3": 0.7516208361278783,
                "4": 0.760979916133304,
                "5": 0.7236871260802127,
                "6": 0.786096256684492,
                "7": 0.9183537263626251,
                "8": 0.8612226684515841,
                "9": 0.9414623370885796
            },
            "delete_set": {
                "0": 0.8438735177865613,
                "1": 0.8884297520661157,
                "2": 0.7109826589595376,
                "3": 0.7571157495256167,
                "4": 0.7697228144989339,
                "5": 0.7002053388090349,
                "6": 0.775390625,
                "7": 0.9188118811881189,
                "8": 0.833976833976834,
                "9": 0.9471458773784355
            }
        }
    },
    "exact_unlearning": {
        "method": "Retrain from scratch on retain set only",
        "train_time_seconds": 350.00933504104614,
        "delete_set_accuracy": 0.6346,
        "delete_set_loss": 1.2291000492965118,
        "forgetting_score": 0.17899999999999994,
        "retain_set_accuracy": 0.8102,
        "test_accuracy": 0.6421,
        "per_class_accuracy": {
            "retain_set": {
                "0": 0.8397863818424566,
                "1": 0.9061116031886626,
                "2": 0.6380272260656104,
                "3": 0.7654817795662866,
                "4": 0.8437431030677555,
                "5": 0.6179924662087304,
                "6": 0.8337789661319073,
                "7": 0.8751946607341491,
                "8": 0.8438197233377956,
                "9": 0.9366026065827259
            },
            "delete_set": {
                "0": 0.6996047430830039,
                "1": 0.75,
                "2": 0.47398843930635837,
                "3": 0.5332068311195446,
                "4": 0.6460554371002132,
                "5": 0.4414784394250513,
                "6": 0.640625,
                "7": 0.7188118811881188,
                "8": 0.6583011583011583,
                "9": 0.8012684989429175
            }
        },
        "per_class_forgetting_score": {
            "0": 0.14426877470355737,
            "1": 0.13842975206611574,
            "2": 0.23699421965317924,
            "3": 0.22390891840607208,
            "4": 0.12366737739872069,
            "5": 0.2587268993839836,
            "6": 0.134765625,
            "7": 0.20000000000000007,
            "8": 0.17567567567567566,
            "9": 0.14587737843551796
        }
    },
    "approx_unlearning": {
        "method": "Gradient ascent on delete set",
        "hyperparameters": {
            "lr": 0.0001,
            "steps": 3,
            "optimizer": "SGD"
        },
        "train_time_seconds": 7.159149169921875,
        "delete_set_accuracy": 0.1532,
        "delete_set_loss": 26.683775455136843,
        "forgetting_score": 0.6604,
        "retain_set_accuracy": 0.16164444444444445,
        "utility_loss": 0.6579111111111111,
        "test_accuracy": 0.1544,
        "per_class_accuracy": {
            "retain_set": {
                "0": 0.020026702269692925,
                "1": 0.005757307351638618,
                "2": 0.031689355054675294,
                "3": 0.03934719427677174,
                "4": 0.5314500110350916,
                "5": 0.08442277863948593,
                "6": 0.024509803921568627,
                "7": 0.08075639599555061,
                "8": 0.0464078536367693,
                "9": 0.7444223547603269
            },
            "delete_set": {
                "0": 0.021739130434782608,
                "1": 0.006198347107438017,
                "2": 0.036608863198458574,
                "3": 0.04933586337760911,
                "4": 0.5053304904051172,
                "5": 0.09034907597535935,
                "6": 0.025390625,
                "7": 0.06930693069306931,
                "8": 0.06177606177606178,
                "9": 0.7315010570824524
            }
        },
        "per_class_forgetting_score": {
            "0": 0.8221343873517787,
            "1": 0.8822314049586777,
            "2": 0.674373795761079,
            "3": 0.7077798861480076,
            "4": 0.26439232409381663,
            "5": 0.6098562628336756,
            "6": 0.75,
            "7": 0.8495049504950496,
            "8": 0.7722007722007722,
            "9": 0.2156448202959831
        },
        "per_class_utility_loss": {
            "0": 0.8253226524254561,
            "1": 0.8810894596988486,
            "2": 0.6873465744253515,
            "3": 0.7122736418511066,
            "4": 0.22952990509821236,
            "5": 0.6392643474407268,
            "6": 0.7615864527629234,
            "7": 0.8375973303670745,
            "8": 0.8148148148148149,
            "9": 0.1970399823282527
        },
        "distance_metrics": {
            "l2_absolute": 38.932640075683594,
            "l2_relative": 1.4280122703780997,
            "metric_definition": "Global L2 norm over all parameters"
        }
    },
    "efficiency_comparison": {
        "exact_time_seconds": 350.00933504104614,
        "approx_time_seconds": 7.159149169921875,
        "speedup_factor": 48.889794964960295
    },
    "privacy_evaluation_mia": {
        "baseline_model": {
            "mia_accuracy": 0.56258,
            "tpr": 0.5768,
            "fpr": 0.5654
        },
        "after_unlearning": {
            "mia_accuracy": 0.72804,
            "tpr": 0.7851111111111111,
            "fpr": 0.7856
        },
        "privacy_gain": -0.16546000000000005
    },
    "data_split_info": {
        "total_training_samples": 50000,
        "delete_set_size": 5000,
        "retain_set_size": 45000,
        "test_set_size": 10000,
        "split_saved_to": "../data_splits/CIFAR10_split_seed_0999.npz"
    },
    "saved_models": {
        "baseline_model_path": "../models/CIFAR10_baseline_seed_0999.pt",
        "gold_model_path": "../models/CIFAR10_gold_exact_seed_0999.pt",
        "approx_model_path": "../models/CIFAR10_approx_unlearned_seed_0999.pt"
    }
}